{
  "n_estimators": 1100,
  "learning_rate": 0.02910106747126825,
  "num_leaves": 106,
  "subsample": 0.6347264216551218,
  "colsample_bytree": 0.8769911634874247,
  "min_child_samples": 25,
  "reg_alpha": 0.530632904071129,
  "reg_lambda": 0.06190372295915489,
  "random_state": 42,
  "n_jobs": -1,
  "verbose": -1
}